{
    "title": "Baihua_egm_data_20250514_232414.json",
    "chip_info": {
        "chip_name": "Baihua",
        "rows": 12,
        "columns": 13
    },
    "qubit_index_list": [
        2,
        3,
        4,
        5,
        6,
        7
    ],
    "qubit_connectivity": [
        [
            2,
            3
        ],
        [
            3,
            4
        ],
        [
            4,
            5
        ],
        [
            5,
            6
        ],
        [
            6,
            7
        ]
    ],
    "results": {
        "res_egmq1_rb": {
            "qubit_2": {
                "error_rate": 0.005742591875058434
            },
            "qubit_3": {
                "error_rate": 0.0026452964401355583
            },
            "qubit_4": {
                "error_rate": 0.005098309802700762
            },
            "qubit_5": {
                "error_rate": 0.0009297024754127969
            },
            "qubit_6": {
                "error_rate": 0.0048367247225137855
            },
            "qubit_7": {
                "error_rate": 0.005795530194209475
            }
        },
        "res_egmq1_xeb": {
            "hardware": [
                0.01625218896877434,
                0.039810852606887104,
                0.025036219374454605,
                0.016192058869859416,
                0.04980275482076507,
                0.03204129873100314
            ],
            "use_fake_data": null
        },
        "res_egmq1_csbp2x": {
            "process_infidelities": [
                0.04780533922715691,
                0.005553586935851174,
                0.05352469223178291,
                0.005718109818064754,
                0.0009174117976256113,
                0.000788341641250967
            ],
            "stochastic_infidelities": [
                0.047336862631823795,
                0.005544375880945029,
                0.05302398849084988,
                0.005708385773924185,
                0.0009171843422612902,
                0.0007882052625715064
            ],
            "angle_errors": [
                0.0007009950720451297,
                0,
                0.0015971104324623564,
                0.0002910027841138696,
                0.00041275704252630163,
                0
            ],
            "process_infidelity_avg": 0.019051246941955386,
            "stochastic_infidelity_avg": 0.018886500397062616,
            "angle_error_avg": 0.0005003108885246096
        },
        "res_egmq2_rb": {
            "[2, 3]": {
                "error_rate": 0.011434707404393396
            },
            "[3, 4]": {
                "error_rate": 0.0065381216489577565
            },
            "[4, 5]": {
                "error_rate": 0.01748850404004243
            },
            "[5, 6]": {
                "error_rate": 0.005863902161863471
            },
            "[6, 7]": {
                "error_rate": 0.010759091370001639
            },
            "average_error_rate": 0.010416865325051738
        },
        "res_egmq2_xeb": {
            "hardware": [
                0.10384956201482301,
                0.09151017768305691,
                0.10638890475471599,
                0.17818687211438244,
                0.09862542564709662
            ],
            "use_fake_data": null
        },
        "res_egmq2_csb": {
            "source": "noisysimulation",
            "qubit_pairs_results": [
                {
                    "process_infidelity": 0.0001880370124224262,
                    "stochastic_infidelity": 9.402292636651044e-05,
                    "theta_error": 0.11900108077520422,
                    "phi_error": 0.0
                },
                {
                    "process_infidelity": 0.0007818730096069704,
                    "stochastic_infidelity": 0.00039101295036714223,
                    "theta_error": 0.12009880573378151,
                    "phi_error": 0.0
                },
                {
                    "process_infidelity": 0.0007574410064256076,
                    "stochastic_infidelity": 0.000378792244995263,
                    "theta_error": 0.11987199142144167,
                    "phi_error": 0.0
                },
                {
                    "process_infidelity": 0.00022856435206752845,
                    "stochastic_infidelity": 0.00011428870698804161,
                    "theta_error": 0.11929834582437504,
                    "phi_error": 0.0
                },
                {
                    "process_infidelity": 0.003149606939603533,
                    "stochastic_infidelity": 0.0015760454293994863,
                    "theta_error": 3.141592653589793,
                    "phi_error": 0.0
                }
            ]
        },
        "res_egmq2_csb_cnot": {
            "source": "noisysimulation",
            "qubit_pairs_results": [
                {
                    "process_infidelity": 0.008864169218632423,
                    "stochastic_infidelity": 0.0044419500695263014,
                    "theta_error": 0.09292797199196023,
                    "phi_error": 0.0
                },
                {
                    "process_infidelity": 0.00700240275745645,
                    "stochastic_infidelity": 0.0035073521382390505,
                    "theta_error": 0.09050106219437914,
                    "phi_error": 0.0
                },
                {
                    "process_infidelity": 0.008677479974317559,
                    "stochastic_infidelity": 0.004348193379993703,
                    "theta_error": 0.0929160503776747,
                    "phi_error": 0.0
                },
                {
                    "process_infidelity": 0.006795317988680827,
                    "stochastic_infidelity": 0.0034034507327856955,
                    "theta_error": 0.08666505236977695,
                    "phi_error": 0.0
                },
                {
                    "process_infidelity": 0.006742416178337152,
                    "stochastic_infidelity": 0.003376909849233556,
                    "theta_error": 0.08669445763746975,
                    "phi_error": 0.0
                }
            ]
        },
        "res_egmqm_ghz": {
            "fidelity": [
                0.999990611942691,
                0.9999867174699612,
                0.9999522158452224,
                0.9989698801184085,
                0.9999928273814894,
                0.999977963565822
            ],
            "qubit_index": [
                2,
                3,
                4,
                5,
                6,
                7
            ],
            "source": "noisysimulation"
        },
        "res_egmqm_stqv": {
            "nqubits_nqubits_2": {
                "total_qubits": 2,
                "quantum_volume": 0,
                "error": null,
                "fidelity": null
            },
            "nqubits_nqubits_3": {
                "total_qubits": 3,
                "quantum_volume": 8,
                "error": null,
                "fidelity": null
            },
            "nqubits_nqubits_4": {
                "total_qubits": 4,
                "quantum_volume": 16,
                "error": null,
                "fidelity": null
            },
            "nqubits_nqubits_5": {
                "total_qubits": 5,
                "quantum_volume": 32,
                "error": null,
                "fidelity": null
            }
        },